taxon,level,SRR37635745
k__Bacteria;p__Fusobacteria;c__Fusobacteriia,c,0.006436541058804921
k__Archaea;p__Euryarchaeota;c__Methanobacteria,c,3.6502123206833195e-05
k__Bacteria;p__TM7;c__TM7-3,c,0.001228904814630051
k__Bacteria;p__Proteobacteria;c__Gammaproteobacteria,c,0.49354520787959166
k__Bacteria;p__Bacteroidetes;c__Flavobacteriia,c,0.00012167374402277732
k__Bacteria;p__Proteobacteria;c__Betaproteobacteria,c,0.00017034324163188826
k__Bacteria;p__Firmicutes;c__Bacilli,c,0.003978731429544818
k__Bacteria;p__Proteobacteria;c__Alphaproteobacteria,c,0.0067893949164709744
k__Archaea;p__Parvarchaeota;c__Parvarchaea,c,8.517162081594413e-05
k__Bacteria;p__Firmicutes;c__Clostridia,c,0.04394855634102717
k__Bacteria;p__Bacteroidetes;c__Bacteroidia,c,0.44251523963643885
k__Bacteria;p__Actinobacteria;c__Actinobacteria,c,0.0003285191088614988
k__Bacteria;p__Firmicutes;c__Erysipelotrichi,c,0.0006935403409298308
k__Bacteria;p__OD1;c__ABY1,c,0.00012167374402277732
k__Bacteria;p__Actinobacteria;c__Actinobacteria;o__Actinomycetales;f__Actinomycetaceae,f,0.00032901150321700136
k__Bacteria;p__Proteobacteria;c__Gammaproteobacteria;o__Enterobacteriales;f__Enterobacteriaceae,f,0.48746100604406317
k__Bacteria;p__Firmicutes;c__Bacilli;o__Lactobacillales;f__Streptococcaceae,f,0.003789725092610645
k__Bacteria;p__Proteobacteria;c__Alphaproteobacteria;o__Rhodospirillales;f__Acetobacteraceae,f,0.00017059855722363032
k__Bacteria;p__Proteobacteria;c__Betaproteobacteria;o__Neisseriales;f__Neisseriaceae,f,6.092805615129655e-05
k__Bacteria;p__Firmicutes;c__Clostridia;o__Clostridiales;f__Mogibacteriaceae,f,7.311366738155586e-05
k__Bacteria;p__Firmicutes;c__Erysipelotrichi;o__Erysipelotrichales;f__Erysipelotrichaceae,f,0.0006945798401247807
k__Bacteria;p__Firmicutes;c__Clostridia;o__Clostridiales;f__Clostridiaceae,f,8.529927861181516e-05
k__Bacteria;p__Fusobacteria;c__Fusobacteriia;o__Fusobacteriales;f__Fusobacteriaceae,f,0.006446188340807175
k__Bacteria;p__Firmicutes;c__Clostridia;o__Clostridiales;f__Ruminococcaceae,f,0.0003777539481380386
k__Bacteria;p__Proteobacteria;c__Gammaproteobacteria;o__Pasteurellales;f__Pasteurellaceae,f,0.006799571066484695
k__Bacteria;p__Firmicutes;c__Clostridia;o__Clostridiales;f__Peptostreptococcaceae,f,0.0003168258919867421
k__Bacteria;p__Proteobacteria;c__Alphaproteobacteria;o__Caulobacterales;f__Caulobacteraceae,f,0.00010967050107233378
k__Bacteria;p__Firmicutes;c__Bacilli;o__Gemellales;f__Gemellaceae,f,0.00019496977968414895
k__Bacteria;p__Proteobacteria;c__Alphaproteobacteria;o__Rickettsiales;f__mitochondria,f,0.00651930200818873
k__Bacteria;p__Proteobacteria;c__Betaproteobacteria;o__Burkholderiales;f__Alcaligenaceae,f,0.00010967050107233378
k__Bacteria;p__Firmicutes;c__Clostridia;o__Clostridiales;f__Lachnospiraceae,f,0.038957399103139015
k__Bacteria;p__Firmicutes;c__Clostridia;o__Clostridiales;f__Tissierellaceae,f,0.00010967050107233378
k__Bacteria;p__Bacteroidetes;c__Flavobacteriia;o__Flavobacteriales;f__Weeksellaceae,f,0.0001218561123025931
k__Bacteria;p__TM7;c__TM7-3;o__CW040;f__F16,f,0.0001218561123025931
k__Bacteria;p__Bacteroidetes;c__Bacteroidia;o__Bacteroidales;f__Porphyromonadaceae,f,0.00020715539091440826
k__Bacteria;p__Bacteroidetes;c__Bacteroidia;o__Bacteroidales;f__Bacteroidaceae,f,0.44287385455254435
k__Bacteria;p__Firmicutes;c__Clostridia;o__Clostridiales;f__Veillonellaceae,f,0.004009066094755313
k__Bacteria;p__Bacteroidetes;c__Bacteroidia;o__Bacteroidales;f__Prevotellaceae,f,6.092805615129655e-05
k__Bacteria;p__Firmicutes;c__Clostridia;o__Clostridiales;f__Lachnospiraceae;g__Blautia,g,0.015299915205289224
k__Bacteria;p__Proteobacteria;c__Gammaproteobacteria;o__Enterobacteriales;f__Enterobacteriaceae;g__Shigella,g,0.0012289088518304598
k__Bacteria;p__Bacteroidetes;c__Bacteroidia;o__Bacteroidales;f__Prevotellaceae;g__Prevotella,g,6.1445442591523e-05
k__Bacteria;p__Fusobacteria;c__Fusobacteriia;o__Fusobacteriales;f__Fusobacteriaceae;g__Fusobacterium,g,0.006500927826183132
k__Bacteria;p__Proteobacteria;c__Alphaproteobacteria;o__Rhodospirillales;f__Acetobacteraceae;g__Acetobacter,g,0.00017204723925626437
k__Bacteria;p__Firmicutes;c__Clostridia;o__Clostridiales;f__Peptostreptococcaceae;g__Peptostreptococcus,g,6.1445442591523e-05
k__Bacteria;p__Firmicutes;c__Clostridia;o__Clostridiales;f__Tissierellaceae;g__Parvimonas,g,0.00011060179666474137
k__Bacteria;p__Firmicutes;c__Clostridia;o__Clostridiales;f__Lachnospiraceae;g__Oribacterium,g,0.00034409447851252873
k__Bacteria;p__Firmicutes;c__Clostridia;o__Clostridiales;f__Ruminococcaceae;g__Faecalibacterium,g,0.00020891450481117814
k__Bacteria;p__Firmicutes;c__Clostridia;o__Clostridiales;f__Lachnospiraceae;g__Clostridium,g,0.002494684969215833
k__Bacteria;p__Proteobacteria;c__Alphaproteobacteria;o__Caulobacterales;f__Caulobacteraceae;g__Brevundimonas,g,0.00011060179666474137
k__Bacteria;p__Firmicutes;c__Erysipelotrichi;o__Erysipelotrichales;f__Erysipelotrichaceae;g__Clostridium,g,0.0005898762488786206
k__Bacteria;p__Firmicutes;c__Bacilli;o__Lactobacillales;f__Streptococcaceae;g__Streptococcus,g,0.00382190652919273
k__Bacteria;p__Firmicutes;c__Clostridia;o__Clostridiales;f__Clostridiaceae;g__Clostridium,g,8.602361962813218e-05
k__Bacteria;p__Bacteroidetes;c__Flavobacteriia;o__Flavobacteriales;f__Weeksellaceae;g__Chryseobacterium,g,0.000122890885183046
k__Bacteria;p__Firmicutes;c__Clostridia;o__Clostridiales;f__Ruminococcaceae;g__Ruminococcus,g,0.00017204723925626437
k__Bacteria;p__Bacteroidetes;c__Bacteroidia;o__Bacteroidales;f__Bacteroidaceae;g__Bacteroides,g,0.44663463310926227
k__Bacteria;p__Proteobacteria;c__Gammaproteobacteria;o__Pasteurellales;f__Pasteurellaceae;g__Haemophilus,g,0.006586951445811264
k__Bacteria;p__Firmicutes;c__Erysipelotrichi;o__Erysipelotrichales;f__Erysipelotrichaceae;g__Bulleidia,g,8.602361962813218e-05
k__Bacteria;p__Firmicutes;c__Erysipelotrichi;o__Erysipelotrichales;f__Erysipelotrichaceae;g__Eubacterium,g,2.4578177036609196e-05
k__Bacteria;p__Proteobacteria;c__Gammaproteobacteria;o__Enterobacteriales;f__Enterobacteriaceae;g__Enterobacter,g,0.0018556523662639941
k__Bacteria;p__Actinobacteria;c__Actinobacteria;o__Actinomycetales;f__Actinomycetaceae;g__Mobiluncus,g,7.373453110982758e-05
k__Bacteria;p__Firmicutes;c__Clostridia;o__Clostridiales;f__Veillonellaceae;g__Phascolarctobacterium,g,0.000122890885183046
k__Bacteria;p__Firmicutes;c__Clostridia;o__Clostridiales;f__Lachnospiraceae;g__Coprococcus,g,0.0006881889570250575
k__Bacteria;p__Firmicutes;c__Clostridia;o__Clostridiales;f__Lachnospiraceae;g__Dorea,g,0.00034409447851252873
k__Bacteria;p__Firmicutes;c__Clostridia;o__Clostridiales;f__Veillonellaceae;g__Veillonella,g,0.003416366608088678
k__Bacteria;p__Proteobacteria;c__Betaproteobacteria;o__Neisseriales;f__Neisseriaceae;g__Eikenella,g,6.1445442591523e-05
k__Bacteria;p__Proteobacteria;c__Gammaproteobacteria;o__Pasteurellales;f__Pasteurellaceae;g__Actinobacillus,g,0.0002703599474027011
k__Bacteria;p__Firmicutes;c__Clostridia;o__Clostridiales;f__Veillonellaceae;g__Dialister,g,0.0005038526292504885
k__Bacteria;p__Bacteroidetes;c__Bacteroidia;o__Bacteroidales;f__Porphyromonadaceae;g__Parabacteroides,g,0.00020891450481117814
k__Bacteria;p__Proteobacteria;c__Gammaproteobacteria;o__Enterobacteriales;f__Enterobacteriaceae;g__Escherichia,g,0.4884789795140894
k__Bacteria;p__Firmicutes;c__Clostridia;o__Clostridiales;f__Lachnospiraceae;g__Pseudobutyrivibrio,g,3.686726555491379e-05
k__Bacteria;p__Proteobacteria;c__Betaproteobacteria;o__Burkholderiales;f__Alcaligenaceae;g__Sutterella,g,0.00011060179666474137
k__Bacteria;p__Actinobacteria;c__Actinobacteria;o__Actinomycetales;f__Actinomycetaceae;g__Actinomyces,g,0.00025807085888439655
k__Bacteria;p__Firmicutes;c__Clostridia;o__Clostridiales;f__Lachnospiraceae;g__Ruminococcus,g,0.018851461787079252
k__Bacteria;p__Proteobacteria;c__Betaproteobacteria;o__Burkholderiales,o,0.00010957970096917157
k__Bacteria;p__Bacteroidetes;c__Flavobacteriia;o__Flavobacteriales,o,0.00012175522329907953
k__Archaea;p__Euryarchaeota;c__Methanobacteria;o__Methanobacteriales,o,3.652656698972386e-05
k__Bacteria;p__Proteobacteria;c__Alphaproteobacteria;o__Caulobacterales,o,0.00010957970096917157
k__Bacteria;p__Firmicutes;c__Clostridia;o__Clostridiales,o,0.04397798665562753
k__Bacteria;p__Fusobacteria;c__Fusobacteriia;o__Fusobacteriales,o,0.0064408513125213075
k__Archaea;p__Parvarchaeota;c__Parvarchaea;o__YLA114,o,8.522865630935568e-05
k__Bacteria;p__Actinobacteria;c__Actinobacteria;o__Actinomycetales,o,0.00032873910290751474
k__Bacteria;p__Proteobacteria;c__Gammaproteobacteria;o__Pasteurellales,o,0.006793941460088638
k__Bacteria;p__Firmicutes;c__Erysipelotrichi;o__Erysipelotrichales,o,0.0006940047728047534
k__Bacteria;p__Proteobacteria;c__Alphaproteobacteria;o__Rhodospirillales,o,0.00017045731261871135
k__Bacteria;p__Proteobacteria;c__Gammaproteobacteria;o__Enterobacteriales,o,0.48705741976330785
k__Bacteria;p__Proteobacteria;c__Alphaproteobacteria;o__Rickettsiales,o,0.006513904446500755
k__Bacteria;p__Proteobacteria;c__Betaproteobacteria;o__Neisseriales,o,6.0877611649539767e-05
k__Bacteria;p__Firmicutes;c__Bacilli;o__Lactobacillales,o,0.003786587444601373
k__Bacteria;p__TM7;c__TM7-3;o__CW040,o,0.0007061802951346613
k__Bacteria;p__Firmicutes;c__Bacilli;o__Gemellales,o,0.00019480835727852725
k__Bacteria;p__Bacteroidetes;c__Bacteroidia;o__Bacteroidales,o,0.4428115716164223
k__Bacteria;p__TM7,p,0.0008442627746988656
k__Archaea;p__Euryarchaeota,p,2.5077112119768287e-05
k__Bacteria;p__Fusobacteria,p,0.0044219307704524745
k__Archaea;p__Parvarchaeota,p,5.851326161279267e-05
k__Bacteria;p__Firmicutes,p,0.03340271334353136
k__Bacteria;p__OD1,p,0.3130793857779338
k__Bacteria;p__Actinobacteria,p,0.00022569400907791458
k__Bacteria;p__Proteobacteria,p,0.3438490023488895
k__Bacteria;p__Bacteroidetes,p,0.3040934206016835
k__Bacteria;p__Proteobacteria;c__Gammaproteobacteria;o__Enterobacteriales;f__Enterobacteriaceae;g__Escherichia;s__coli,s,0.7668650027045824
k__Bacteria;p__Bacteroidetes;c__Bacteroidia;o__Bacteroidales;f__Bacteroidaceae;g__Bacteroides;s__ovatus,s,0.14299513175179662
k__Bacteria;p__Bacteroidetes;c__Bacteroidia;o__Bacteroidales;f__Bacteroidaceae;g__Bacteroides;s__fragilis,s,0.029982227030368597
k__Bacteria;p__Firmicutes;c__Clostridia;o__Clostridiales;f__Lachnospiraceae;g__Ruminococcus;s__gnavus,s,0.029634495015841124
k__Bacteria;p__Proteobacteria;c__Gammaproteobacteria;o__Pasteurellales;f__Pasteurellaceae;g__Haemophilus;s__parainfluenzae,s,0.010354686654818021
k__Bacteria;p__Firmicutes;c__Clostridia;o__Clostridiales;f__Veillonellaceae;g__Veillonella;s__parvula,s,0.004250057955335755
k__Bacteria;p__Firmicutes;c__Clostridia;o__Clostridiales;f__Lachnospiraceae;g__Clostridium;s__citroniae,s,0.0029943590139865544
k__Bacteria;p__Proteobacteria;c__Gammaproteobacteria;o__Enterobacteriales;f__Enterobacteriaceae;g__Enterobacter;s__radicincitans,s,0.00291708523298045
k__Bacteria;p__Proteobacteria;c__Gammaproteobacteria;o__Enterobacteriales;f__Enterobacteriaceae;g__Shigella;s__sonnei,s,0.0018545707441465112
k__Bacteria;p__Firmicutes;c__Bacilli;o__Lactobacillales;f__Streptococcaceae;g__Streptococcus;s__infantis,s,0.0018159338536434587
k__Bacteria;p__Firmicutes;c__Clostridia;o__Clostridiales;f__Veillonellaceae;g__Veillonella;s__dispar,s,0.001120469824588517
k__Bacteria;p__Firmicutes;c__Erysipelotrichi;o__Erysipelotrichales;f__Erysipelotrichaceae;g__Clostridium;s__ramosum,s,0.0009272853720732556
k__Bacteria;p__Firmicutes;c__Clostridia;o__Clostridiales;f__Lachnospiraceae;g__Clostridium;s__hathewayi,s,0.0004829611312881539
k__Bacteria;p__Firmicutes;c__Clostridia;o__Clostridiales;f__Lachnospiraceae;g__Clostridium;s__boliviensis,s,0.0004443242407851016
k__Bacteria;p__Proteobacteria;c__Gammaproteobacteria;o__Pasteurellales;f__Pasteurellaceae;g__Actinobacillus;s__parahaemolyticus,s,0.00042500579553357543
k__Bacteria;p__Firmicutes;c__Clostridia;o__Clostridiales;f__Ruminococcaceae;g__Faecalibacterium;s__prausnitzii,s,0.0003284135692759447
k__Bacteria;p__Firmicutes;c__Bacilli;o__Lactobacillales;f__Streptococcaceae;g__Streptococcus;s__anginosus,s,0.0002704582335213662
k__Bacteria;p__Bacteroidetes;c__Bacteroidia;o__Bacteroidales;f__Porphyromonadaceae;g__Parabacteroides;s__distasonis,s,0.0002318213430183139
k__Bacteria;p__Bacteroidetes;c__Bacteroidia;o__Bacteroidales;f__Bacteroidaceae;g__Bacteroides;s__plebeius,s,0.0002897766787728924
k__Bacteria;p__Proteobacteria;c__Gammaproteobacteria;o__Enterobacteriales;f__Enterobacteriaceae;g__Escherichia;s__vulneris,s,0.0010238775983308864
k__Bacteria;p__Proteobacteria;c__Alphaproteobacteria;o__Caulobacterales;f__Caulobacteraceae;g__Brevundimonas;s__intermedia,s,0.0001738660072637354
k__Bacteria;p__Firmicutes;c__Erysipelotrichi;o__Erysipelotrichales;f__Erysipelotrichaceae;g__Bulleidia;s__moorei,s,0.0001352291167606831
k__Bacteria;p__Firmicutes;c__Clostridia;o__Clostridiales;f__Clostridiaceae;g__Clostridium;s__baratii,s,0.0001352291167606831
k__Bacteria;p__Bacteroidetes;c__Bacteroidia;o__Bacteroidales;f__Prevotellaceae;g__Prevotella;s__copri,s,9.659222625763078e-05
k__Bacteria;p__Proteobacteria;c__Gammaproteobacteria;o__Enterobacteriales;f__Enterobacteriaceae;g__Shigella;s__dysenteriae,s,7.727378100610463e-05
k__Bacteria;p__Firmicutes;c__Clostridia;o__Clostridiales;f__Ruminococcaceae;g__Ruminococcus;s__flavefaciens,s,7.727378100610463e-05
k__Bacteria;p__Firmicutes;c__Clostridia;o__Clostridiales;f__Lachnospiraceae;g__Pseudobutyrivibrio;s__xylanivorans,s,5.7955335754578474e-05
k__Bacteria;p__Firmicutes;c__Erysipelotrichi;o__Erysipelotrichales;f__Erysipelotrichaceae;g__Eubacterium;s__dolichum,s,3.8636890503052314e-05
